{"logits": {"_type": "histogram", "values": [510, 14, 10, 13, 5, 1, 6, 3, 2, 1, 1, 2, 0, 0, 0, 0, 0, 0, 0, 0, 1, 0, 1, 2, 1, 1, 2, 0, 1, 0, 1, 0, 2, 0, 1, 2, 1, 0, 0, 0, 1, 0, 0, 0, 1, 0, 0, 1, 1, 0, 0, 1, 1, 2, 1, 2, 2, 2, 3, 4, 3, 2, 7, 22], "bins": [9.369399888911872e-16, 0.015624749474227428, 0.031249498948454857, 0.04687424749135971, 0.062498997896909714, 0.07812374830245972, 0.09374849498271942, 0.10937324911355972, 0.12499799579381943, 0.14062274992465973, 0.15624749660491943, 0.17187224328517914, 0.18749698996543884, 0.20312173664569855, 0.21874649822711945, 0.23437124490737915, 0.24999599158763885, 0.26562073826789856, 0.28124549984931946, 0.29687023162841797, 0.31249499320983887, 0.3281197249889374, 0.3437444865703583, 0.3593692481517792, 0.3749939799308777, 0.3906187415122986, 0.4062434732913971, 0.421868234872818, 0.4374929964542389, 0.4531177282333374, 0.4687424898147583, 0.4843672215938568, 0.4999919831752777, 0.5156167149543762, 0.5312414765357971, 0.546866238117218, 0.5624909996986389, 0.578115701675415, 0.5937404632568359, 0.6093652248382568, 0.6249899864196777, 0.6406147480010986, 0.6562394499778748, 0.6718642115592957, 0.6874889731407166, 0.7031137347221375, 0.7187384963035583, 0.7343631982803345, 0.7499879598617554, 0.7656127214431763, 0.7812374830245972, 0.7968622446060181, 0.8124869465827942, 0.8281117081642151, 0.843736469745636, 0.8593612313270569, 0.8749859929084778, 0.8906106948852539, 0.9062354564666748, 0.9218602180480957, 0.9374849796295166, 0.9531097412109375, 0.9687344431877136, 0.9843592047691345, 0.9999839663505554]}, "_timestamp": 1704742220.970422, "_runtime": 6.164902925491333, "_step": 329, "train_loss_step": 0.370857298374176, "epoch": 0, "trainer/global_step": 299, "_wandb": {"runtime": 5}}