{"logits": {"_type": "histogram", "values": [142, 0, 0, 0, 0, 0, 0, 0, 0, 1, 0, 1, 0, 0, 0, 0, 0, 0, 0, 0, 0, 0, 0, 0, 0, 0, 0, 0, 0, 0, 0, 0, 0, 0, 0, 0, 0, 0, 0, 0, 0, 0, 1, 0, 0, 0, 0, 0, 0, 0, 0, 0, 0, 0, 0, 0, 0, 0, 0, 0, 0, 0, 1, 14], "bins": [1.072012838978923e-15, 0.015624997206032276, 0.031249994412064552, 0.0468749925494194, 0.062499988824129105, 0.0781249850988388, 0.0937499850988388, 0.10937497764825821, 0.12499997764825821, 0.1406249701976776, 0.1562499701976776, 0.1718749701976776, 0.1874999701976776, 0.2031249701976776, 0.21874995529651642, 0.23437495529651642, 0.24999995529651642, 0.2656249403953552, 0.2812499403953552, 0.2968749403953552, 0.3124999403953552, 0.3281249403953552, 0.3437499403953552, 0.3593749403953552, 0.3749999403953552, 0.3906249403953552, 0.4062499403953552, 0.42187491059303284, 0.43749991059303284, 0.45312491059303284, 0.46874991059303284, 0.48437491059303284, 0.49999991059303284, 0.5156248807907104, 0.5312498807907104, 0.5468748807907104, 0.5624998807907104, 0.5781248807907104, 0.5937498807907104, 0.6093748807907104, 0.6249998807907104, 0.6406248807907104, 0.6562498807907104, 0.6718748807907104, 0.6874998807907104, 0.7031248807907104, 0.7187498807907104, 0.7343748807907104, 0.7499998807907104, 0.7656248807907104, 0.7812498807907104, 0.7968748807907104, 0.8124998807907104, 0.8281248807907104, 0.8437498211860657, 0.8593748211860657, 0.8749998211860657, 0.8906248211860657, 0.9062498211860657, 0.9218748211860657, 0.9374998211860657, 0.9531248211860657, 0.9687498211860657, 0.9843748211860657, 0.9999998211860657]}, "_timestamp": 1704744865.8246222, "_runtime": 94.20041918754578, "_step": 3997, "train_loss_step": 0.23429366946220398, "epoch": 4, "trainer/global_step": 3909, "val_acc": 0.9835000038146973, "train_loss_epoch": 0.05906600505113602, "_wandb": {"runtime": 93}}