{"loss": 101.49436021968722, "accuracy": 0.9739450216293335, "_timestamp": 1704460613.935814, "_runtime": 60.22796297073364, "_step": 1, "_wandb": {"runtime": 60}}