{"loss": 71.49145751679316, "accuracy": 0.9736253023147583, "_timestamp": 1704460841.465684, "_runtime": 158.41271781921387, "_step": 11, "_wandb": {"runtime": 162}}