{"logits": {"_type": "histogram", "values": [513, 18, 15, 3, 3, 2, 2, 2, 1, 1, 3, 0, 0, 0, 0, 2, 0, 0, 3, 2, 2, 2, 2, 0, 0, 1, 0, 0, 0, 0, 2, 0, 2, 0, 0, 0, 0, 0, 2, 0, 1, 2, 0, 0, 0, 3, 0, 0, 0, 0, 1, 0, 0, 1, 0, 0, 2, 1, 4, 3, 6, 5, 7, 21], "bins": [2.034236711370707e-12, 0.015618424862623215, 0.03123684972524643, 0.046855274587869644, 0.06247369945049286, 0.07809212803840637, 0.09371054917573929, 0.1093289777636528, 0.12494739890098572, 0.14056582748889923, 0.15618425607681274, 0.17180266976356506, 0.18742109835147858, 0.2030395269393921, 0.2186579555273056, 0.23427636921405792, 0.24989479780197144, 0.26551321148872375, 0.28113165497779846, 0.2967500686645508, 0.3123685121536255, 0.3279869258403778, 0.3436053395271301, 0.35922378301620483, 0.37484219670295715, 0.3904606103897095, 0.4060790538787842, 0.4216974675655365, 0.4373159110546112, 0.4529343247413635, 0.46855273842811584, 0.48417118191719055, 0.49978959560394287, 0.5154080390930176, 0.5310264229774475, 0.5466448664665222, 0.5622633099555969, 0.5778816938400269, 0.5935001373291016, 0.6091185808181763, 0.624737024307251, 0.6403554081916809, 0.6559738516807556, 0.6715922951698303, 0.6872106790542603, 0.702829122543335, 0.7184475660324097, 0.7340659499168396, 0.7496843934059143, 0.765302836894989, 0.780921220779419, 0.7965396642684937, 0.8121581077575684, 0.8277764916419983, 0.843394935131073, 0.8590133786201477, 0.8746318221092224, 0.8902502059936523, 0.905868649482727, 0.9214870929718018, 0.9371054768562317, 0.9527239203453064, 0.9683423638343811, 0.983960747718811, 0.9995791912078857]}, "_timestamp": 1704799153.413155, "_runtime": 6.018052101135254, "_step": 231, "train_loss_step": 0.6125974059104919, "epoch": 0, "trainer/global_step": 199, "_wandb": {"runtime": 5}}