{"logits": {"_type": "histogram", "values": [559, 6, 2, 4, 2, 0, 1, 0, 0, 0, 0, 0, 0, 0, 0, 0, 0, 1, 0, 0, 0, 0, 0, 0, 0, 0, 0, 0, 0, 1, 0, 0, 1, 0, 0, 0, 0, 0, 0, 0, 1, 0, 0, 0, 0, 0, 0, 0, 0, 0, 0, 0, 0, 0, 0, 0, 1, 1, 1, 2, 1, 3, 4, 49], "bins": [5.20829547838355e-16, 0.01562498603016138, 0.03124997206032276, 0.04687495902180672, 0.06249994412064552, 0.07812493294477463, 0.09374991804361343, 0.10937490314245224, 0.12499988824129105, 0.14062488079071045, 0.15624986588954926, 0.17187485098838806, 0.18749983608722687, 0.20312482118606567, 0.21874980628490448, 0.2343747913837433, 0.2499997764825821, 0.2656247615814209, 0.2812497615814209, 0.2968747317790985, 0.3124997317790985, 0.3281247019767761, 0.3437497019767761, 0.35937467217445374, 0.37499967217445374, 0.39062464237213135, 0.40624964237213135, 0.42187461256980896, 0.43749961256980896, 0.4531245827674866, 0.4687495827674866, 0.4843745529651642, 0.4999995529651642, 0.5156245231628418, 0.5312495231628418, 0.5468745231628418, 0.5624995231628418, 0.578124463558197, 0.593749463558197, 0.609374463558197, 0.624999463558197, 0.6406244039535522, 0.6562494039535522, 0.6718744039535522, 0.6874994039535522, 0.7031243443489075, 0.7187493443489075, 0.7343743443489075, 0.7499993443489075, 0.7656243443489075, 0.7812492847442627, 0.7968742847442627, 0.8124992847442627, 0.8281242847442627, 0.8437492251396179, 0.8593742251396179, 0.8749992251396179, 0.8906242251396179, 0.9062491655349731, 0.9218741655349731, 0.9374991655349731, 0.9531241655349731, 0.9687491059303284, 0.9843741059303284, 0.9999991059303284]}, "_timestamp": 1704742206.0953128, "_runtime": 57.76730990409851, "_step": 2728, "train_loss_step": 0.1508941650390625, "epoch": 3, "trainer/global_step": 2649, "val_acc": 0.976140022277832, "train_loss_epoch": 0.10375804454088211, "_wandb": {"runtime": 57}}