{"loss": 43.25452816358302, "_timestamp": 1704460211.9231942, "_runtime": 119.17445707321167, "_step": 4, "_wandb": {"runtime": 118}}