{"logits": {"_type": "histogram", "values": [140, 1, 0, 0, 0, 0, 0, 1, 0, 1, 0, 0, 0, 0, 0, 0, 0, 0, 0, 0, 0, 0, 0, 0, 0, 0, 0, 0, 0, 1, 0, 0, 1, 0, 0, 0, 0, 0, 0, 0, 0, 0, 0, 0, 0, 0, 0, 0, 0, 0, 0, 0, 0, 1, 0, 0, 1, 0, 0, 0, 0, 0, 0, 13], "bins": [5.110516454465142e-10, 0.015624022111296654, 0.031248042359948158, 0.04687206447124481, 0.062496084719896317, 0.07812010496854782, 0.09374412894248962, 0.10936814546585083, 0.12499216943979263, 0.14061619341373444, 0.15624020993709564, 0.17186422646045685, 0.18748825788497925, 0.20311227440834045, 0.21873629093170166, 0.23436032235622406, 0.24998433887958527, 0.26560837030410767, 0.28123238682746887, 0.2968564033508301, 0.3124804198741913, 0.3281044363975525, 0.3437284529209137, 0.3593524992465973, 0.3749765157699585, 0.3906005322933197, 0.4062245488166809, 0.4218485653400421, 0.4374725818634033, 0.4530966281890869, 0.4687206447124481, 0.4843446612358093, 0.49996867775917053, 0.5155926942825317, 0.5312167406082153, 0.5468407273292542, 0.5624647736549377, 0.5780887603759766, 0.5937128067016602, 0.6093368530273438, 0.6249608397483826, 0.6405848860740662, 0.656208872795105, 0.6718329191207886, 0.6874569058418274, 0.703080952167511, 0.7187049984931946, 0.7343289852142334, 0.749953031539917, 0.7655770182609558, 0.7812010645866394, 0.7968250513076782, 0.8124490976333618, 0.8280731439590454, 0.8436971306800842, 0.8593211770057678, 0.8749451637268066, 0.8905692100524902, 0.9061932563781738, 0.9218172430992126, 0.9374412894248962, 0.9530652761459351, 0.9686893224716187, 0.9843133091926575, 0.9999373555183411]}, "_timestamp": 1704799255.547978, "_runtime": 42.91118001937866, "_step": 2395, "train_loss_step": 0.0878647118806839, "epoch": 2, "trainer/global_step": 2299, "val_acc": 0.9666600227355957, "train_loss_epoch": 0.13349062204360962, "_wandb": {"runtime": 43}}